{
  "invariant": "DanglingReference",
  "resolver": "resolveDanglingReferences",
  "mode": "headless_multiconflict_scaling_fixed_graph",
  "timestamp": "2026-02-04T18:41:45.954Z",
  "fixed": {
    "coreN": 1000,
    "candN": 300,
    "coreEdgesPerNode": 8,
    "edgesApprox": 8300
  },
  "series": [
    {
      "conflicts": 1,
      "fixed": {
        "coreN": 1000,
        "candN": 300,
        "coreEdgesPerNode": 8,
        "edgesApprox": 8300
      },
      "baseline": {
        "runs": 30,
        "avgMs": 28.06626656666665,
        "minMs": 26.592333000000053,
        "maxMs": 34.80199999999991,
        "p50Ms": 27.46291599999995,
        "p95Ms": 30.23895799999991
      },
      "detect": {
        "runs": 30,
        "avgMs": 35.01670836666665,
        "minMs": 32.983791999999994,
        "maxMs": 38.34483300000011,
        "p50Ms": 34.87179100000003,
        "p95Ms": 37.95650000000023
      },
      "afterFix": {
        "runs": 30,
        "avgMs": 28.853600000000014,
        "minMs": 26.98050000000012,
        "maxMs": 34.45162500000015,
        "p50Ms": 28.253124999999955,
        "p95Ms": 32.57579200000009
      }
    },
    {
      "conflicts": 5,
      "fixed": {
        "coreN": 1000,
        "candN": 300,
        "coreEdgesPerNode": 8,
        "edgesApprox": 8300
      },
      "baseline": {
        "runs": 30,
        "avgMs": 26.48372493333336,
        "minMs": 25.92870799999946,
        "maxMs": 27.917249999999513,
        "p50Ms": 26.352499999999964,
        "p95Ms": 26.984083000000282
      },
      "detect": {
        "runs": 30,
        "avgMs": 57.48149303333318,
        "minMs": 53.0567089999995,
        "maxMs": 103.80887499999972,
        "p50Ms": 55.506124999999884,
        "p95Ms": 58.86387500000001
      },
      "afterFix": {
        "runs": 30,
        "avgMs": 27.108450066666652,
        "minMs": 26.576750000000175,
        "maxMs": 29.125875000000633,
        "p50Ms": 26.881500000000415,
        "p95Ms": 28.032791999999972
      }
    },
    {
      "conflicts": 10,
      "fixed": {
        "coreN": 1000,
        "candN": 300,
        "coreEdgesPerNode": 8,
        "edgesApprox": 8300
      },
      "baseline": {
        "runs": 30,
        "avgMs": 28.939072233333537,
        "minMs": 26.3543750000008,
        "maxMs": 71.28279100000145,
        "p50Ms": 27.052625000000262,
        "p95Ms": 28.826250000000073
      },
      "detect": {
        "runs": 30,
        "avgMs": 89.47240143333335,
        "minMs": 81.83570800000052,
        "maxMs": 148.50829200000044,
        "p50Ms": 86.64099999999962,
        "p95Ms": 96.28954200000044
      },
      "afterFix": {
        "runs": 30,
        "avgMs": 28.025502700000047,
        "minMs": 26.755417000000307,
        "maxMs": 34.30920800000058,
        "p50Ms": 27.789167000000816,
        "p95Ms": 28.958833999999115
      }
    },
    {
      "conflicts": 25,
      "fixed": {
        "coreN": 1000,
        "candN": 300,
        "coreEdgesPerNode": 8,
        "edgesApprox": 8300
      },
      "baseline": {
        "runs": 30,
        "avgMs": 32.52889450000002,
        "minMs": 25.603041000000303,
        "maxMs": 172.65279200000077,
        "p50Ms": 26.965541999999914,
        "p95Ms": 33.17208400000163
      },
      "detect": {
        "runs": 30,
        "avgMs": 193.5715375333335,
        "minMs": 163.1559159999997,
        "maxMs": 326.8401670000021,
        "p50Ms": 172.61387500000274,
        "p95Ms": 278.1131669999995
      },
      "afterFix": {
        "runs": 30,
        "avgMs": 34.22626936666675,
        "minMs": 26.758042000001296,
        "maxMs": 202.88999999999942,
        "p50Ms": 27.873749999998836,
        "p95Ms": 33.17820799999936
      }
    },
    {
      "conflicts": 50,
      "fixed": {
        "coreN": 1000,
        "candN": 300,
        "coreEdgesPerNode": 8,
        "edgesApprox": 8300
      },
      "baseline": {
        "runs": 30,
        "avgMs": 27.70853046666683,
        "minMs": 26.294083000000683,
        "maxMs": 31.880541000002268,
        "p50Ms": 27.331624999998894,
        "p95Ms": 30.196042000003217
      },
      "detect": {
        "runs": 30,
        "avgMs": 326.76099176666696,
        "minMs": 306.4464169999992,
        "maxMs": 437.7327910000022,
        "p50Ms": 317.69024999999965,
        "p95Ms": 360.755084000004
      },
      "afterFix": {
        "runs": 30,
        "avgMs": 29.227305666666872,
        "minMs": 27.783290999999736,
        "maxMs": 34.02241700000013,
        "p50Ms": 28.8781659999986,
        "p95Ms": 31.596832999999606
      }
    },
    {
      "conflicts": 100,
      "fixed": {
        "coreN": 1000,
        "candN": 300,
        "coreEdgesPerNode": 8,
        "edgesApprox": 8300
      },
      "baseline": {
        "runs": 30,
        "avgMs": 28.45995430000015,
        "minMs": 26.617625000006228,
        "maxMs": 54.104499999994005,
        "p50Ms": 27.51787499999773,
        "p95Ms": 29.023667000001296
      },
      "detect": {
        "runs": 30,
        "avgMs": 650.4982417333323,
        "minMs": 594.703207999999,
        "maxMs": 788.591333999997,
        "p50Ms": 641.1839579999942,
        "p95Ms": 707.6390000000029
      },
      "afterFix": {
        "runs": 30,
        "avgMs": 30.052681899999396,
        "minMs": 28.60520899999392,
        "maxMs": 33.05058299999655,
        "p50Ms": 29.67658400000073,
        "p95Ms": 31.351999999998952
      }
    },
    {
      "conflicts": 200,
      "fixed": {
        "coreN": 1000,
        "candN": 300,
        "coreEdgesPerNode": 8,
        "edgesApprox": 8300
      },
      "baseline": {
        "runs": 30,
        "avgMs": 29.365006900001028,
        "minMs": 26.991957999998704,
        "maxMs": 69.81312500000058,
        "p50Ms": 27.66937499999767,
        "p95Ms": 29.710709000006318
      },
      "detect": {
        "runs": 30,
        "avgMs": 1335.0848930333343,
        "minMs": 1222.2655000000086,
        "maxMs": 1549.5184579999914,
        "p50Ms": 1323.7473750000063,
        "p95Ms": 1442.0211249999993
      },
      "afterFix": {
        "runs": 30,
        "avgMs": 33.12564586666607,
        "minMs": 30.383499999996275,
        "maxMs": 71.07200000000012,
        "p50Ms": 31.64587500000198,
        "p95Ms": 34.22358299999905
      }
    }
  ]
}