{
  "invariant": "DanglingReference",
  "resolver": "resolveDanglingReferences",
  "mode": "headless_multiconflict_scaling_fixed_graph",
  "timestamp": "2026-01-28T18:47:31.783Z",
  "fixed": {
    "coreN": 1000,
    "candN": 300,
    "coreEdgesPerNode": 8,
    "edgesApprox": 8300
  },
  "series": [
    {
      "conflicts": 1,
      "fixed": {
        "coreN": 1000,
        "candN": 300,
        "coreEdgesPerNode": 8,
        "edgesApprox": 8300
      },
      "baseline": {
        "runs": 30,
        "avgMs": 12.953213899999996,
        "minMs": 11.793750000000045,
        "maxMs": 16.094291999999996,
        "p50Ms": 12.686791999999969,
        "p95Ms": 14.321208999999953
      },
      "detect": {
        "runs": 30,
        "avgMs": 13.054443133333333,
        "minMs": 12.079958999999917,
        "maxMs": 16.114000000000033,
        "p50Ms": 12.611083000000008,
        "p95Ms": 15.157249999999976
      },
      "afterFix": {
        "runs": 30,
        "avgMs": 12.908447266666686,
        "minMs": 12.158834000000297,
        "maxMs": 15.36566700000003,
        "p50Ms": 12.666708000000199,
        "p95Ms": 14.432583000000022
      }
    },
    {
      "conflicts": 5,
      "fixed": {
        "coreN": 1000,
        "candN": 300,
        "coreEdgesPerNode": 8,
        "edgesApprox": 8300
      },
      "baseline": {
        "runs": 30,
        "avgMs": 12.827306933333345,
        "minMs": 12.08520800000042,
        "maxMs": 14.625375000000076,
        "p50Ms": 12.668958999999631,
        "p95Ms": 13.816333000000213
      },
      "detect": {
        "runs": 30,
        "avgMs": 13.631780499999968,
        "minMs": 12.928707999999915,
        "maxMs": 16.66208299999971,
        "p50Ms": 13.34783299999981,
        "p95Ms": 14.922833000000082
      },
      "afterFix": {
        "runs": 30,
        "avgMs": 13.04757369999999,
        "minMs": 12.249708000000282,
        "maxMs": 15.743416999999681,
        "p50Ms": 12.766624999999749,
        "p95Ms": 15.216167000000041
      }
    },
    {
      "conflicts": 10,
      "fixed": {
        "coreN": 1000,
        "candN": 300,
        "coreEdgesPerNode": 8,
        "edgesApprox": 8300
      },
      "baseline": {
        "runs": 30,
        "avgMs": 12.99602223333336,
        "minMs": 12.548125000000255,
        "maxMs": 13.92645900000025,
        "p50Ms": 12.892958000000363,
        "p95Ms": 13.522874999999658
      },
      "detect": {
        "runs": 30,
        "avgMs": 14.809752700000066,
        "minMs": 14.044499999999971,
        "maxMs": 17.936875000000327,
        "p50Ms": 14.500458000000435,
        "p95Ms": 17.619708000000173
      },
      "afterFix": {
        "runs": 30,
        "avgMs": 13.228634799999963,
        "minMs": 12.581000000000131,
        "maxMs": 15.113542000000052,
        "p50Ms": 13.067541000000347,
        "p95Ms": 14.290458999999828
      }
    },
    {
      "conflicts": 25,
      "fixed": {
        "coreN": 1000,
        "candN": 300,
        "coreEdgesPerNode": 8,
        "edgesApprox": 8300
      },
      "baseline": {
        "runs": 30,
        "avgMs": 12.799127666666694,
        "minMs": 12.313833000000159,
        "maxMs": 13.652500000000146,
        "p50Ms": 12.727000000000771,
        "p95Ms": 13.453625000000102
      },
      "detect": {
        "runs": 30,
        "avgMs": 18.403708200000015,
        "minMs": 17.561249999999745,
        "maxMs": 21.958292000000256,
        "p50Ms": 17.945042000000285,
        "p95Ms": 21.056125000000065
      },
      "afterFix": {
        "runs": 30,
        "avgMs": 13.593392999999924,
        "minMs": 12.935749999999643,
        "maxMs": 14.938749999999345,
        "p50Ms": 13.482833000000028,
        "p95Ms": 14.411917000000358
      }
    },
    {
      "conflicts": 50,
      "fixed": {
        "coreN": 1000,
        "candN": 300,
        "coreEdgesPerNode": 8,
        "edgesApprox": 8300
      },
      "baseline": {
        "runs": 30,
        "avgMs": 13.47336660000007,
        "minMs": 12.47545799999989,
        "maxMs": 16.268082999999933,
        "p50Ms": 13.240124999999352,
        "p95Ms": 14.125915999999961
      },
      "detect": {
        "runs": 30,
        "avgMs": 19.28001403333322,
        "minMs": 18.154207999999926,
        "maxMs": 23.107624999999643,
        "p50Ms": 18.872166999999536,
        "p95Ms": 21.724208999999973
      },
      "afterFix": {
        "runs": 30,
        "avgMs": 14.9692776999999,
        "minMs": 14.404833000000508,
        "maxMs": 17.0565830000005,
        "p50Ms": 14.8584579999997,
        "p95Ms": 15.502916999999798
      }
    },
    {
      "conflicts": 100,
      "fixed": {
        "coreN": 1000,
        "candN": 300,
        "coreEdgesPerNode": 8,
        "edgesApprox": 8300
      },
      "baseline": {
        "runs": 30,
        "avgMs": 14.962449933333362,
        "minMs": 13.028333999998722,
        "maxMs": 36.11541600000055,
        "p50Ms": 13.616874999999709,
        "p95Ms": 15.45708299999933
      },
      "detect": {
        "runs": 30,
        "avgMs": 36.50978330000022,
        "minMs": 33.48887500000092,
        "maxMs": 49.20195799999965,
        "p50Ms": 35.480665999999474,
        "p95Ms": 38.453833000001396
      },
      "afterFix": {
        "runs": 30,
        "avgMs": 18.30649716666685,
        "minMs": 15.719832999999198,
        "maxMs": 71.53262500000164,
        "p50Ms": 16.32841600000029,
        "p95Ms": 17.032790999999634
      }
    },
    {
      "conflicts": 200,
      "fixed": {
        "coreN": 1000,
        "candN": 300,
        "coreEdgesPerNode": 8,
        "edgesApprox": 8300
      },
      "baseline": {
        "runs": 30,
        "avgMs": 14.858079066666686,
        "minMs": 13.245875000000524,
        "maxMs": 32.79516700000022,
        "p50Ms": 14.16058399999929,
        "p95Ms": 15.487250000000131
      },
      "detect": {
        "runs": 30,
        "avgMs": 102.20228479999987,
        "minMs": 97.4620419999992,
        "maxMs": 109.15925000000061,
        "p50Ms": 101.78241699999853,
        "p95Ms": 107.90099999999984
      },
      "afterFix": {
        "runs": 30,
        "avgMs": 21.552722233333405,
        "minMs": 17.343542000000525,
        "maxMs": 110.96441599999889,
        "p50Ms": 18.487208000000464,
        "p95Ms": 19.43695899999875
      }
    }
  ]
}