{
  "invariant": "FeedMediumMismatch",
  "resolver": "resolveFeedMediumConflicts",
  "mode": "headless_multiconflict_scaling_fixed_graph",
  "timestamp": "2026-02-28T23:49:54.829Z",
  "fixed": {
    "N": 1000,
    "avgDeg": 8,
    "edgesApprox": 8000
  },
  "series": [
    {
      "conflicts": 1,
      "N": 1000,
      "avgDeg": 8,
      "edgesApprox": 8000,
      "baseline": {
        "runs": 30,
        "avgMs": 81.28761393333346,
        "minMs": 20.74316699999872,
        "maxMs": 366.96899999999914,
        "p50Ms": 59.09837500000049,
        "p95Ms": 187.3306250000005
      },
      "detect": {
        "runs": 30,
        "avgMs": 106.85314589999994,
        "minMs": 26.09441700000025,
        "maxMs": 507.8148340000007,
        "p50Ms": 69.40920800000004,
        "p95Ms": 239.28562500000044
      },
      "afterFix": {
        "runs": 30,
        "avgMs": 95.16746940000017,
        "minMs": 27.54845800000112,
        "maxMs": 341.1487080000006,
        "p50Ms": 64.04829100000006,
        "p95Ms": 226.93141699999978
      }
    },
    {
      "conflicts": 5,
      "N": 1000,
      "avgDeg": 8,
      "edgesApprox": 8000,
      "baseline": {
        "runs": 30,
        "avgMs": 51.18593193333254,
        "minMs": 20.68787499999962,
        "maxMs": 213.64037499999904,
        "p50Ms": 44.206207999999606,
        "p95Ms": 89.16337499999827
      },
      "detect": {
        "runs": 30,
        "avgMs": 66.40551673333314,
        "minMs": 22.09862499999872,
        "maxMs": 302.13316699999996,
        "p50Ms": 48.13233299999774,
        "p95Ms": 162.41908300000068
      },
      "afterFix": {
        "runs": 30,
        "avgMs": 63.37090973333355,
        "minMs": 20.493750000001455,
        "maxMs": 375.0111250000009,
        "p50Ms": 45.87774999999965,
        "p95Ms": 104.00179200000093
      }
    },
    {
      "conflicts": 10,
      "N": 1000,
      "avgDeg": 8,
      "edgesApprox": 8000,
      "baseline": {
        "runs": 30,
        "avgMs": 39.9806639333332,
        "minMs": 21.07574999999997,
        "maxMs": 67.16412499999933,
        "p50Ms": 41.03741600000285,
        "p95Ms": 61.47149999999965
      },
      "detect": {
        "runs": 30,
        "avgMs": 43.86420969999999,
        "minMs": 25.036208000001352,
        "maxMs": 71.24795799999993,
        "p50Ms": 43.73808300000019,
        "p95Ms": 62.79375000000073
      },
      "afterFix": {
        "runs": 30,
        "avgMs": 38.200030566666946,
        "minMs": 21.815582999999606,
        "maxMs": 86.35437500000262,
        "p50Ms": 35.56770899999901,
        "p95Ms": 57.69095799999923
      }
    },
    {
      "conflicts": 25,
      "N": 1000,
      "avgDeg": 8,
      "edgesApprox": 8000,
      "baseline": {
        "runs": 30,
        "avgMs": 36.82911663333301,
        "minMs": 18.867167000000336,
        "maxMs": 88.85145799999736,
        "p50Ms": 35.29166600000099,
        "p95Ms": 53.99774999999863
      },
      "detect": {
        "runs": 30,
        "avgMs": 50.3616083333333,
        "minMs": 26.958666000002268,
        "maxMs": 104.42304199999853,
        "p50Ms": 47.238916999998764,
        "p95Ms": 73.97108300000036
      },
      "afterFix": {
        "runs": 30,
        "avgMs": 38.72466106666688,
        "minMs": 20.97745799999757,
        "maxMs": 108.13837500000227,
        "p50Ms": 33.53629100000035,
        "p95Ms": 59.406417000001966
      }
    },
    {
      "conflicts": 50,
      "N": 1000,
      "avgDeg": 8,
      "edgesApprox": 8000,
      "baseline": {
        "runs": 30,
        "avgMs": 44.54745699999973,
        "minMs": 19.9340830000001,
        "maxMs": 188.64408299999923,
        "p50Ms": 36.94024999999965,
        "p95Ms": 63.128249999997934
      },
      "detect": {
        "runs": 30,
        "avgMs": 58.93454173333327,
        "minMs": 35.559250000002066,
        "maxMs": 104.41975000000093,
        "p50Ms": 56.2522089999984,
        "p95Ms": 73.81879199999821
      },
      "afterFix": {
        "runs": 30,
        "avgMs": 40.059752833333306,
        "minMs": 23.2087500000016,
        "maxMs": 54.773417000000336,
        "p50Ms": 41.11437500000102,
        "p95Ms": 52.616792000000714
      }
    },
    {
      "conflicts": 100,
      "N": 1000,
      "avgDeg": 8,
      "edgesApprox": 8000,
      "baseline": {
        "runs": 30,
        "avgMs": 38.05088340000002,
        "minMs": 20.622208000000683,
        "maxMs": 91.82266600000003,
        "p50Ms": 33.97845799999777,
        "p95Ms": 58.90637499999866
      },
      "detect": {
        "runs": 30,
        "avgMs": 93.51660143333405,
        "minMs": 56.303500000001804,
        "maxMs": 248.22854100000404,
        "p50Ms": 92.60808299999917,
        "p95Ms": 119.81633300000249
      },
      "afterFix": {
        "runs": 30,
        "avgMs": 49.04883059999944,
        "minMs": 27.08341699999437,
        "maxMs": 120.90129100000195,
        "p50Ms": 45.718542000002344,
        "p95Ms": 67.69191700000374
      }
    },
    {
      "conflicts": 200,
      "N": 1000,
      "avgDeg": 8,
      "edgesApprox": 8000,
      "baseline": {
        "runs": 30,
        "avgMs": 42.943265400000136,
        "minMs": 22.382666999998037,
        "maxMs": 85.87341700000252,
        "p50Ms": 35.95537499999773,
        "p95Ms": 77.8460419999974
      },
      "detect": {
        "runs": 30,
        "avgMs": 159.90275143333372,
        "minMs": 107.66033299999981,
        "maxMs": 219.59737500000483,
        "p50Ms": 153.06491700000333,
        "p95Ms": 205.69095899999957
      },
      "afterFix": {
        "runs": 30,
        "avgMs": 85.57070820000105,
        "minMs": 33.37816599999496,
        "maxMs": 962.093832999999,
        "p50Ms": 53.25166600000375,
        "p95Ms": 91.96149999999761
      }
    }
  ]
}