{
  "invariant": "FeedMediumMismatch",
  "resolver": "resolveFeedMediumConflicts",
  "mode": "scaling_headless_heavy_scan_single_mismatch_reuse_graph",
  "timestamp": "2026-02-28T23:49:30.226Z",
  "series": [
    {
      "N": 200,
      "avgDeg": 8,
      "edgesApprox": 1601,
      "baseline": {
        "runs": 30,
        "avgMs": 34.98887233333336,
        "minMs": 4.403833999999733,
        "maxMs": 256.69133399999987,
        "p50Ms": 11.032832999999982,
        "p95Ms": 98.37808399999994
      },
      "detect": {
        "runs": 30,
        "avgMs": 37.50175003333335,
        "minMs": 7.320166000000427,
        "maxMs": 224.06574999999975,
        "p50Ms": 21.270208000000366,
        "p95Ms": 87.52858300000025
      },
      "afterFix": {
        "runs": 30,
        "avgMs": 23.38164989999995,
        "minMs": 5.231541999999536,
        "maxMs": 106.75629099999969,
        "p50Ms": 15.183540999999877,
        "p95Ms": 51.20733300000006
      }
    },
    {
      "N": 500,
      "avgDeg": 8,
      "edgesApprox": 4001,
      "baseline": {
        "runs": 30,
        "avgMs": 26.509205466666693,
        "minMs": 12.665250000000015,
        "maxMs": 70.65291700000034,
        "p50Ms": 21.624292000000423,
        "p95Ms": 51.79266699999971
      },
      "detect": {
        "runs": 30,
        "avgMs": 32.19437376666668,
        "minMs": 15.704416999999921,
        "maxMs": 66.14283399999931,
        "p50Ms": 30.98566699999992,
        "p95Ms": 51.84679199999937
      },
      "afterFix": {
        "runs": 30,
        "avgMs": 27.99960133333331,
        "minMs": 12.533124999999927,
        "maxMs": 61.91620799999964,
        "p50Ms": 30.14641699999993,
        "p95Ms": 41.023041999999805
      }
    },
    {
      "N": 1000,
      "avgDeg": 8,
      "edgesApprox": 8001,
      "baseline": {
        "runs": 30,
        "avgMs": 102.49132636666673,
        "minMs": 23.13329099999828,
        "maxMs": 371.31524999999965,
        "p50Ms": 60.67841699999917,
        "p95Ms": 311.6934160000019
      },
      "detect": {
        "runs": 30,
        "avgMs": 112.75924440000004,
        "minMs": 23.81158299999879,
        "maxMs": 354.4938750000001,
        "p50Ms": 73.25695799999994,
        "p95Ms": 283.0949579999997
      },
      "afterFix": {
        "runs": 30,
        "avgMs": 103.38201373333365,
        "minMs": 23.906291000001147,
        "maxMs": 401.61333300000115,
        "p50Ms": 76.5257500000007,
        "p95Ms": 219.8004579999997
      }
    },
    {
      "N": 2000,
      "avgDeg": 8,
      "edgesApprox": 16001,
      "baseline": {
        "runs": 30,
        "avgMs": 82.6146847,
        "minMs": 44.44149999999718,
        "maxMs": 179.66745900000024,
        "p50Ms": 78.38824999999997,
        "p95Ms": 118.15145800000028
      },
      "detect": {
        "runs": 30,
        "avgMs": 88.81636249999974,
        "minMs": 49.151708999997936,
        "maxMs": 164.99387499999648,
        "p50Ms": 86.61454099999901,
        "p95Ms": 117.59529100000145
      },
      "afterFix": {
        "runs": 30,
        "avgMs": 81.0723624666664,
        "minMs": 46.149083000000246,
        "maxMs": 139.94837500000358,
        "p50Ms": 81.30604099999982,
        "p95Ms": 114.21479099999851
      }
    }
  ]
}