{
  "invariant": "FeedMediumMismatch",
  "resolver": "resolveFeedMediumConflicts",
  "detect": {
    "runs": 200,
    "avgMs": 0.7935000018775463,
    "minMs": 0.4000000059604645,
    "maxMs": 3.2000000178813934,
    "p50Ms": 0.7000000178813934,
    "p95Ms": 1.0999999940395355
  },
  "afterFix": {
    "runs": 200,
    "avgMs": 0.8199999997019768,
    "minMs": 0.4000000059604645,
    "maxMs": 3.4000000059604645,
    "p50Ms": 0.7999999821186066,
    "p95Ms": 1.199999988079071
  },
  "timestamp": "2026-01-28T16:12:57.201Z"
}