{
  "invariant": "FeedMediumMismatch",
  "resolver": "resolveFeedMediumConflicts",
  "detect": {
    "runs": 200,
    "avgMs": 0.26641268500000137,
    "minMs": 0.21508299999993596,
    "maxMs": 2.0911670000000413,
    "p50Ms": 0.23937499999999545,
    "p95Ms": 0.3210830000000442
  },
  "afterFix": {
    "runs": 200,
    "avgMs": 0.025226639999999065,
    "minMs": 0.01366700000005494,
    "maxMs": 0.2842920000000504,
    "p50Ms": 0.019292000000064036,
    "p95Ms": 0.045707999999990534
  },
  "timestamp": "2026-01-28T15:53:05.648Z"
}