{
  "invariant": "FeedMediumMismatch",
  "resolver": "resolveFeedMediumConflicts",
  "detect": {
    "runs": 200,
    "avgMs": 0.3969241699999992,
    "minMs": 0.2139999999999418,
    "maxMs": 3.3543750000000045,
    "p50Ms": 0.2620000000000573,
    "p95Ms": 0.7468340000000353
  },
  "afterFix": {
    "runs": 200,
    "avgMs": 0.12416166499999179,
    "minMs": 0.06941699999993034,
    "maxMs": 1.3605420000001232,
    "p50Ms": 0.08233399999994617,
    "p95Ms": 0.29500000000007276
  },
  "timestamp": "2026-02-28T23:49:02.963Z"
}