{
  "invariant": "FeedMediumMismatch",
  "resolver": "resolveFeedMediumConflicts",
  "mode": "scaling_headless_heavy_scan_single_mismatch_reuse_graph",
  "timestamp": "2026-01-28T17:09:34.110Z",
  "series": [
    {
      "N": 200,
      "avgDeg": 8,
      "edgesApprox": 1601,
      "baseline": {
        "runs": 30,
        "avgMs": 2.1413347333333337,
        "minMs": 1.8852920000000495,
        "maxMs": 2.584500000000048,
        "p50Ms": 2.0027919999999995,
        "p95Ms": 2.522707999999966
      },
      "detect": {
        "runs": 30,
        "avgMs": 4.346583400000001,
        "minMs": 3.8479169999999385,
        "maxMs": 5.986417000000074,
        "p50Ms": 4.1639169999999694,
        "p95Ms": 5.089666999999963
      },
      "afterFix": {
        "runs": 30,
        "avgMs": 2.2625805666666716,
        "minMs": 1.9799999999999045,
        "maxMs": 3.1611669999999776,
        "p50Ms": 2.170082999999977,
        "p95Ms": 2.5311249999999745
      }
    },
    {
      "N": 500,
      "avgDeg": 8,
      "edgesApprox": 4001,
      "baseline": {
        "runs": 30,
        "avgMs": 5.716714099999998,
        "minMs": 5.125250000000051,
        "maxMs": 6.580124999999953,
        "p50Ms": 5.658750000000055,
        "p95Ms": 6.187874999999849
      },
      "detect": {
        "runs": 30,
        "avgMs": 8.079183333333336,
        "minMs": 7.386500000000069,
        "maxMs": 11.069750000000113,
        "p50Ms": 7.808457999999973,
        "p95Ms": 9.335291999999981
      },
      "afterFix": {
        "runs": 30,
        "avgMs": 5.868141700000001,
        "minMs": 5.41841700000009,
        "maxMs": 7.225999999999885,
        "p50Ms": 5.705208999999968,
        "p95Ms": 6.571290999999974
      }
    },
    {
      "N": 1000,
      "avgDeg": 8,
      "edgesApprox": 8001,
      "baseline": {
        "runs": 30,
        "avgMs": 12.420576366666698,
        "minMs": 11.655083999999988,
        "maxMs": 13.459375000000364,
        "p50Ms": 12.345334000000094,
        "p95Ms": 13.1047080000003
      },
      "detect": {
        "runs": 30,
        "avgMs": 12.987070800000023,
        "minMs": 12.105999999999767,
        "maxMs": 15.184541999999965,
        "p50Ms": 12.634207999999944,
        "p95Ms": 14.640458000000308
      },
      "afterFix": {
        "runs": 30,
        "avgMs": 12.680974966666705,
        "minMs": 11.581375000000207,
        "maxMs": 15.873375000000124,
        "p50Ms": 12.430291000000125,
        "p95Ms": 14.802042000000256
      }
    },
    {
      "N": 2000,
      "avgDeg": 8,
      "edgesApprox": 16001,
      "baseline": {
        "runs": 30,
        "avgMs": 31.123319599999984,
        "minMs": 28.552082999999584,
        "maxMs": 81.89816700000029,
        "p50Ms": 29.199666999999863,
        "p95Ms": 31.625750000000153
      },
      "detect": {
        "runs": 30,
        "avgMs": 30.144051266666533,
        "minMs": 28.99250000000029,
        "maxMs": 33.22591700000066,
        "p50Ms": 29.563540999999532,
        "p95Ms": 32.58129100000042
      },
      "afterFix": {
        "runs": 30,
        "avgMs": 29.249569433333395,
        "minMs": 28.36529100000007,
        "maxMs": 31.633499999999913,
        "p50Ms": 29.169667000000118,
        "p95Ms": 29.95012499999939
      }
    }
  ]
}