{
  "invariant": "FeedMediumMismatch",
  "resolver": "resolveFeedMediumConflicts",
  "mode": "headless_multiconflict_scaling_fixed_graph",
  "timestamp": "2026-01-28T18:17:50.257Z",
  "fixed": {
    "N": 1000,
    "avgDeg": 8,
    "edgesApprox": 8000
  },
  "series": [
    {
      "conflicts": 1,
      "N": 1000,
      "avgDeg": 8,
      "edgesApprox": 8000,
      "baseline": {
        "runs": 30,
        "avgMs": 12.443158299999986,
        "minMs": 11.156415999999808,
        "maxMs": 14.569875000000138,
        "p50Ms": 12.179792000000134,
        "p95Ms": 14.150499999999965
      },
      "detect": {
        "runs": 30,
        "avgMs": 14.394195833333322,
        "minMs": 13.16966699999989,
        "maxMs": 18.53095899999994,
        "p50Ms": 14.085667000000058,
        "p95Ms": 16.091916999999967
      },
      "afterFix": {
        "runs": 30,
        "avgMs": 12.404983366666677,
        "minMs": 11.539208000000144,
        "maxMs": 13.927249999999958,
        "p50Ms": 12.338040999999976,
        "p95Ms": 13.772417000000132
      }
    },
    {
      "conflicts": 5,
      "N": 1000,
      "avgDeg": 8,
      "edgesApprox": 8000,
      "baseline": {
        "runs": 30,
        "avgMs": 12.240597166666657,
        "minMs": 11.520541000000321,
        "maxMs": 13.430417000000034,
        "p50Ms": 12.191415999999663,
        "p95Ms": 12.735208000000057
      },
      "detect": {
        "runs": 30,
        "avgMs": 18.07852923333335,
        "minMs": 14.804165999999896,
        "maxMs": 26.249042000000372,
        "p50Ms": 15.567625000000135,
        "p95Ms": 24.05749999999989
      },
      "afterFix": {
        "runs": 30,
        "avgMs": 12.962123666666669,
        "minMs": 12.438250000000153,
        "maxMs": 14.033500000000004,
        "p50Ms": 12.806708000000071,
        "p95Ms": 13.799833999999919
      }
    },
    {
      "conflicts": 10,
      "N": 1000,
      "avgDeg": 8,
      "edgesApprox": 8000,
      "baseline": {
        "runs": 30,
        "avgMs": 12.368074933333295,
        "minMs": 11.44262500000059,
        "maxMs": 13.266042000000198,
        "p50Ms": 12.469207999999526,
        "p95Ms": 12.940290999999888
      },
      "detect": {
        "runs": 30,
        "avgMs": 22.652452633333343,
        "minMs": 21.47899999999936,
        "maxMs": 25.86370800000077,
        "p50Ms": 22.33416699999998,
        "p95Ms": 25.137915999999677
      },
      "afterFix": {
        "runs": 30,
        "avgMs": 13.517251299999892,
        "minMs": 12.624499999999898,
        "maxMs": 14.413792000000285,
        "p50Ms": 13.430916999999681,
        "p95Ms": 14.052332999999635
      }
    },
    {
      "conflicts": 25,
      "N": 1000,
      "avgDeg": 8,
      "edgesApprox": 8000,
      "baseline": {
        "runs": 30,
        "avgMs": 13.223827699999978,
        "minMs": 12.270415999999386,
        "maxMs": 14.349083000000064,
        "p50Ms": 13.11620799999946,
        "p95Ms": 13.895290999999816
      },
      "detect": {
        "runs": 30,
        "avgMs": 69.22101676666674,
        "minMs": 62.641999999999825,
        "maxMs": 157.6565840000003,
        "p50Ms": 66.06308400000125,
        "p95Ms": 71.26845799999955
      },
      "afterFix": {
        "runs": 30,
        "avgMs": 16.132388833333454,
        "minMs": 15.120041000000128,
        "maxMs": 24.631999999999607,
        "p50Ms": 15.638915999999881,
        "p95Ms": 16.415792000000692
      }
    },
    {
      "conflicts": 50,
      "N": 1000,
      "avgDeg": 8,
      "edgesApprox": 8000,
      "baseline": {
        "runs": 30,
        "avgMs": 13.376638899999913,
        "minMs": 12.657791999999972,
        "maxMs": 14.922417000001587,
        "p50Ms": 13.26341599999978,
        "p95Ms": 13.908249999998588
      },
      "detect": {
        "runs": 30,
        "avgMs": 223.07435556666672,
        "minMs": 202.48970800000097,
        "maxMs": 291.13833299999897,
        "p50Ms": 225.33549999999923,
        "p95Ms": 235.12741599999936
      },
      "afterFix": {
        "runs": 30,
        "avgMs": 17.8727583999999,
        "minMs": 17.138832999999067,
        "maxMs": 19.90795799999978,
        "p50Ms": 17.665000000000873,
        "p95Ms": 18.475166000000172
      }
    },
    {
      "conflicts": 100,
      "N": 1000,
      "avgDeg": 8,
      "edgesApprox": 8000,
      "baseline": {
        "runs": 30,
        "avgMs": 14.450386100001197,
        "minMs": 13.261875000000146,
        "maxMs": 17.636209000003873,
        "p50Ms": 14.07733300000109,
        "p95Ms": 16.258625000002212
      },
      "detect": {
        "runs": 30,
        "avgMs": 884.1301527333329,
        "minMs": 834.6903749999983,
        "maxMs": 977.3967499999999,
        "p50Ms": 871.8789999999935,
        "p95Ms": 966.3261249999996
      },
      "afterFix": {
        "runs": 30,
        "avgMs": 22.341908200000276,
        "minMs": 20.86633299999812,
        "maxMs": 34.198624999997264,
        "p50Ms": 21.57050000000163,
        "p95Ms": 24.2465830000001
      }
    },
    {
      "conflicts": 200,
      "N": 1000,
      "avgDeg": 8,
      "edgesApprox": 8000,
      "baseline": {
        "runs": 30,
        "avgMs": 14.865261166665489,
        "minMs": 13.988834000003408,
        "maxMs": 16.406709000002593,
        "p50Ms": 14.828584000002593,
        "p95Ms": 15.375208999990718
      },
      "detect": {
        "runs": 30,
        "avgMs": 3471.571665366666,
        "minMs": 3390.1298749999987,
        "maxMs": 3852.967333000008,
        "p50Ms": 3452.0901670000167,
        "p95Ms": 3547.241207999992
      },
      "afterFix": {
        "runs": 30,
        "avgMs": 30.088754099999885,
        "minMs": 28.522832999995444,
        "maxMs": 34.08833300000697,
        "p50Ms": 29.94520799999009,
        "p95Ms": 31.245959000007133
      }
    }
  ]
}