{
  "invariant": "HasPartCycleDetected",
  "resolver": "resolveHasPartCycles",
  "mode": "scaling_headless_single_cycle",
  "timestamp": "2026-02-28T23:49:10.758Z",
  "series": [
    {
      "N": 200,
      "forwardDeg": 2,
      "edgesApprox": 595,
      "baseline": {
        "runs": 30,
        "avgMs": 1.5686875333332257,
        "minMs": 0.38745900000049005,
        "maxMs": 20.689167000000452,
        "p50Ms": 0.44366600000012113,
        "p95Ms": 3.6329579999992347
      },
      "detect": {
        "runs": 30,
        "avgMs": 2.9875639666666456,
        "minMs": 0.610541000000012,
        "maxMs": 41.8067089999995,
        "p50Ms": 0.7244160000000193,
        "p95Ms": 3.3535830000000715
      },
      "afterFix": {
        "runs": 30,
        "avgMs": 2.3833153333334547,
        "minMs": 0.40362500000082946,
        "maxMs": 40.836874999999964,
        "p50Ms": 0.45870800000011513,
        "p95Ms": 3.9922919999999067
      }
    },
    {
      "N": 500,
      "forwardDeg": 2,
      "edgesApprox": 1495,
      "baseline": {
        "runs": 30,
        "avgMs": 4.082655566666623,
        "minMs": 1.099833999999646,
        "maxMs": 14.694790999999896,
        "p50Ms": 3.232332999999926,
        "p95Ms": 11.273083000000042
      },
      "detect": {
        "runs": 30,
        "avgMs": 4.865247200000007,
        "minMs": 1.3370420000001104,
        "maxMs": 16.684291999999914,
        "p50Ms": 4.127375000000029,
        "p95Ms": 10.777999999999338
      },
      "afterFix": {
        "runs": 30,
        "avgMs": 4.084415333333345,
        "minMs": 1.129667000000154,
        "maxMs": 11.623582999999599,
        "p50Ms": 3.415208000000348,
        "p95Ms": 8.591041000000587
      }
    },
    {
      "N": 1000,
      "forwardDeg": 2,
      "edgesApprox": 2995,
      "baseline": {
        "runs": 30,
        "avgMs": 7.759969533333181,
        "minMs": 2.7880000000004657,
        "maxMs": 36.57887499999924,
        "p50Ms": 5.896457999999257,
        "p95Ms": 13.356917000000067
      },
      "detect": {
        "runs": 30,
        "avgMs": 7.949772266666726,
        "minMs": 2.8109999999996944,
        "maxMs": 18.314124999999876,
        "p50Ms": 6.745417000000089,
        "p95Ms": 15.486750000000029
      },
      "afterFix": {
        "runs": 30,
        "avgMs": 8.920233300000048,
        "minMs": 3.234542000000147,
        "maxMs": 24.361833000000843,
        "p50Ms": 6.907083000000057,
        "p95Ms": 16.6348339999995
      }
    },
    {
      "N": 2000,
      "forwardDeg": 2,
      "edgesApprox": 5995,
      "baseline": {
        "runs": 30,
        "avgMs": 19.49782646666681,
        "minMs": 8.805083000001105,
        "maxMs": 49.21991699999944,
        "p50Ms": 14.83874999999989,
        "p95Ms": 37.83274999999958
      },
      "detect": {
        "runs": 30,
        "avgMs": 22.475179133333373,
        "minMs": 8.220542000000933,
        "maxMs": 93.58762500000012,
        "p50Ms": 18.516458000000057,
        "p95Ms": 49.065709000000425
      },
      "afterFix": {
        "runs": 30,
        "avgMs": 17.898447033333316,
        "minMs": 7.678874999999607,
        "maxMs": 47.215666000000056,
        "p50Ms": 14.779958000000079,
        "p95Ms": 35.695332999999664
      }
    }
  ]
}