{
  "invariant": "HasPartCycleDetected",
  "resolver": "resolveHasPartCycles",
  "mode": "scaling_headless_single_cycle",
  "timestamp": "2026-01-28T18:30:52.304Z",
  "series": [
    {
      "N": 200,
      "forwardDeg": 2,
      "edgesApprox": 595,
      "baseline": {
        "runs": 30,
        "avgMs": 0.45129863333334014,
        "minMs": 0.35437500000000455,
        "maxMs": 1.2345000000000255,
        "p50Ms": 0.385791999999924,
        "p95Ms": 0.613790999999992
      },
      "detect": {
        "runs": 30,
        "avgMs": 0.750629266666681,
        "minMs": 0.5497920000000249,
        "maxMs": 1.4729170000000522,
        "p50Ms": 0.5831670000000031,
        "p95Ms": 1.3458340000000817
      },
      "afterFix": {
        "runs": 30,
        "avgMs": 0.5084403000000066,
        "minMs": 0.3742499999999609,
        "maxMs": 1.583582999999976,
        "p50Ms": 0.4012920000000122,
        "p95Ms": 0.8449590000000171
      }
    },
    {
      "N": 500,
      "forwardDeg": 2,
      "edgesApprox": 1495,
      "baseline": {
        "runs": 30,
        "avgMs": 1.204636100000001,
        "minMs": 0.9205409999999574,
        "maxMs": 1.9249999999999545,
        "p50Ms": 1.0474169999999958,
        "p95Ms": 1.695333000000005
      },
      "detect": {
        "runs": 30,
        "avgMs": 1.471676266666672,
        "minMs": 1.12337500000001,
        "maxMs": 3.0314999999999372,
        "p50Ms": 1.2246660000000702,
        "p95Ms": 2.3252919999999904
      },
      "afterFix": {
        "runs": 30,
        "avgMs": 1.3954054333333261,
        "minMs": 0.9333330000000615,
        "maxMs": 5.457041000000004,
        "p50Ms": 1.0151250000000118,
        "p95Ms": 1.8724579999999378
      }
    },
    {
      "N": 1000,
      "forwardDeg": 2,
      "edgesApprox": 2995,
      "baseline": {
        "runs": 30,
        "avgMs": 2.5878986666666832,
        "minMs": 1.8927079999999705,
        "maxMs": 3.696250000000191,
        "p50Ms": 2.4431659999999056,
        "p95Ms": 3.390625
      },
      "detect": {
        "runs": 30,
        "avgMs": 2.4613597666666465,
        "minMs": 2.08720900000003,
        "maxMs": 3.83462499999996,
        "p50Ms": 2.3017079999999623,
        "p95Ms": 3.105041999999912
      },
      "afterFix": {
        "runs": 30,
        "avgMs": 2.2205485666666505,
        "minMs": 1.8990000000001146,
        "maxMs": 3.4733749999998054,
        "p50Ms": 2.018000000000029,
        "p95Ms": 3.2348329999999805
      }
    },
    {
      "N": 2000,
      "forwardDeg": 2,
      "edgesApprox": 5995,
      "baseline": {
        "runs": 30,
        "avgMs": 4.495765399999982,
        "minMs": 4.2070830000000115,
        "maxMs": 5.562791999999945,
        "p50Ms": 4.394708000000037,
        "p95Ms": 4.827958999999964
      },
      "detect": {
        "runs": 30,
        "avgMs": 5.432682033333345,
        "minMs": 4.753083000000061,
        "maxMs": 6.6632079999999405,
        "p50Ms": 5.30033299999991,
        "p95Ms": 6.132875000000013
      },
      "afterFix": {
        "runs": 30,
        "avgMs": 5.288841666666637,
        "minMs": 4.52862499999992,
        "maxMs": 6.281540999999834,
        "p50Ms": 5.206457999999884,
        "p95Ms": 6.032708999999841
      }
    }
  ]
}