{
  "invariant": "MVRegister",
  "resolver": "CValueMap.getConflicts + attrs.set",
  "mode": "scaling_headless_graph_size_full_scan_single_conflict",
  "timestamp": "2026-03-01T16:10:20.382Z",
  "series": [
    {
      "N": 200,
      "componentsCount": 200,
      "detect": {
        "runs": 30,
        "avgMs": 0.2857694000000038,
        "minMs": 0.18516700000009223,
        "maxMs": 0.5481250000000273,
        "p50Ms": 0.2616249999999809,
        "p95Ms": 0.3919170000001486
      },
      "resolution": {
        "runs": 30,
        "avgMs": 0.04499033333332818,
        "minMs": 0.029749999999921783,
        "maxMs": 0.15908300000000963,
        "p50Ms": 0.03837499999985994,
        "p95Ms": 0.06600000000003092
      }
    },
    {
      "N": 500,
      "componentsCount": 500,
      "detect": {
        "runs": 30,
        "avgMs": 0.7657444666666454,
        "minMs": 0.5727499999998145,
        "maxMs": 1.8429999999998472,
        "p50Ms": 0.5947500000002037,
        "p95Ms": 1.6255839999998898
      },
      "resolution": {
        "runs": 30,
        "avgMs": 0.047837433333294634,
        "minMs": 0.037624999999934516,
        "maxMs": 0.06258300000035888,
        "p50Ms": 0.04554199999984121,
        "p95Ms": 0.05625000000009095
      }
    },
    {
      "N": 1000,
      "componentsCount": 1000,
      "detect": {
        "runs": 30,
        "avgMs": 1.2408193666668619,
        "minMs": 1.1772500000006403,
        "maxMs": 1.412583000000268,
        "p50Ms": 1.211290999999619,
        "p95Ms": 1.3830410000000484
      },
      "resolution": {
        "runs": 30,
        "avgMs": 0.04644313333340809,
        "minMs": 0.03879199999937555,
        "maxMs": 0.07066699999995762,
        "p50Ms": 0.044459000000642845,
        "p95Ms": 0.05737500000032014
      }
    },
    {
      "N": 2000,
      "componentsCount": 2000,
      "detect": {
        "runs": 30,
        "avgMs": 2.855290300000221,
        "minMs": 2.4074579999996786,
        "maxMs": 5.85320800000045,
        "p50Ms": 2.610791999999492,
        "p95Ms": 3.0413750000006985
      },
      "resolution": {
        "runs": 30,
        "avgMs": 0.04778746666664423,
        "minMs": 0.03762499999902502,
        "maxMs": 0.06737499999871943,
        "p50Ms": 0.0476249999992433,
        "p95Ms": 0.055833000000347965
      }
    }
  ]
}