{
  "detect": {
    "avgMs": 0.009478730000014366,
    "p50Ms": 0.008750000000190994,
    "p95Ms": 0.02070800000001327,
    "minMs": 0.0016669999999976426,
    "maxMs": 0.035708999999997104
  },
  "resolution": {
    "avgMs": 0.02932642999999416,
    "p50Ms": 0.025209000000018023,
    "p95Ms": 0.06587500000023283,
    "minMs": 0.009750000000167347,
    "maxMs": 0.12687499999992724
  }
}